Workbook

Sheet Resumo geral
A1: Resumo geral das limitações reportadas
A3: Métrica | B3: Valor | D3: Study IDs | E3: ID
A4: Total de estudos | B4: =COUNTA(E4:E16) -> 13 | E4: 9
A5: Total de limitações | B5: =COUNTA(Detalhes!A:A)-1 -> 151 | E5: 18
A6: Categorias | B6: =COUNTA(A10:A14) -> 5 | E6: 20
E7: 27
A8: Frequência por categoria | E8: 28
A9: Categoria | B9: Frequência | C9: % das limitações | D9: % dos estudos com pelo menos 1 ocorrência | E9: 29
A10: Data | B10: =COUNTIF(Detalhes!$C:$C,A10) -> 63 | C10: =B10/$B$5 -> 0.41721854 | D10: =SUMPRODUCT((FREQUENCY(IF(Detalhes!$C$2:$C$1000=A10,MATCH(Detalhes!$A$2:$A$1000,Detalhes!$A$2:$A$1000,0)),ROW(Detalhes!$A$2:$A$1000)-ROW(Detalhes!$A$2)+1)>0)*1)/$B$4 -> #VALUE! | E10: 30
A11: Method | B11: =COUNTIF(Detalhes!$C:$C,A11) -> 52 | C11: =B11/$B$5 -> 0.34437086 | D11: =SUMPRODUCT((FREQUENCY(IF(Detalhes!$C$2:$C$1000=A11,MATCH(Detalhes!$A$2:$A$1000,Detalhes!$A$2:$A$1000,0)),ROW(Detalhes!$A$2:$A$1000)-ROW(Detalhes!$A$2)+1)>0)*1)/$B$4 -> 0.076923077 | E11: 31
A12: Generalization | B12: =COUNTIF(Detalhes!$C:$C,A12) -> 17 | C12: =B12/$B$5 -> 0.11258278 | D12: =SUMPRODUCT((FREQUENCY(IF(Detalhes!$C$2:$C$1000=A12,MATCH(Detalhes!$A$2:$A$1000,Detalhes!$A$2:$A$1000,0)),ROW(Detalhes!$A$2:$A$1000)-ROW(Detalhes!$A$2)+1)>0)*1)/$B$4 -> #VALUE! | E12: 32
A13: Cost | B13: =COUNTIF(Detalhes!$C:$C,A13) -> 16 | C13: =B13/$B$5 -> 0.10596026 | D13: =SUMPRODUCT((FREQUENCY(IF(Detalhes!$C$2:$C$1000=A13,MATCH(Detalhes!$A$2:$A$1000,Detalhes!$A$2:$A$1000,0)),ROW(Detalhes!$A$2:$A$1000)-ROW(Detalhes!$A$2)+1)>0)*1)/$B$4 -> #VALUE! | E13: 33
A14: Preprocessing | B14: =COUNTIF(Detalhes!$C:$C,A14) -> 3 | C14: =B14/$B$5 -> 0.01986755 | D14: =SUMPRODUCT((FREQUENCY(IF(Detalhes!$C$2:$C$1000=A14,MATCH(Detalhes!$A$2:$A$1000,Detalhes!$A$2:$A$1000,0)),ROW(Detalhes!$A$2:$A$1000)-ROW(Detalhes!$A$2)+1)>0)*1)/$B$4 -> #VALUE! | E14: 34
E15: 35
A16: Nota | B16: As porcentagens por categoria usam a frequência de limitações reportadas, não o número de estudos. Um estudo pode contribuir para várias categorias. | E16: 36
A18: Limitações por estudo
A19: Study ID | B19: Total de limitações | C19: Categorias distintas
A20: 9 | B20: =COUNTIF(Detalhes!$A:$A,A20) -> 7 | C20: =SUMPRODUCT(--(COUNTIFS(Detalhes!$A:$A,A20,Detalhes!$C:$C,$A$10:$A$14)>0)) -> 5
A21: 18 | B21: =COUNTIF(Detalhes!$A:$A,A21) -> 5 | C21: =SUMPRODUCT(--(COUNTIFS(Detalhes!$A:$A,A21,Detalhes!$C:$C,$A$10:$A$14)>0)) -> 3
A22: 20 | B22: =COUNTIF(Detalhes!$A:$A,A22) -> 14 | C22: =SUMPRODUCT(--(COUNTIFS(Detalhes!$A:$A,A22,Detalhes!$C:$C,$A$10:$A$14)>0)) -> 2
A23: 27 | B23: =COUNTIF(Detalhes!$A:$A,A23) -> 9 | C23: =SUMPRODUCT(--(COUNTIFS(Detalhes!$A:$A,A23,Detalhes!$C:$C,$A$10:$A$14)>0)) -> 1
A24: 28 | B24: =COUNTIF(Detalhes!$A:$A,A24) -> 18 | C24: =SUMPRODUCT(--(COUNTIFS(Detalhes!$A:$A,A24,Detalhes!$C:$C,$A$10:$A$14)>0)) -> 2
A25: 29 | B25: =COUNTIF(Detalhes!$A:$A,A25) -> 9 | C25: =SUMPRODUCT(--(COUNTIFS(Detalhes!$A:$A,A25,Detalhes!$C:$C,$A$10:$A$14)>0)) -> 3
A26: 30 | B26: =COUNTIF(Detalhes!$A:$A,A26) -> 16 | C26: =SUMPRODUCT(--(COUNTIFS(Detalhes!$A:$A,A26,Detalhes!$C:$C,$A$10:$A$14)>0)) -> 4
A27: 31 | B27: =COUNTIF(Detalhes!$A:$A,A27) -> 18 | C27: =SUMPRODUCT(--(COUNTIFS(Detalhes!$A:$A,A27,Detalhes!$C:$C,$A$10:$A$14)>0)) -> 4
A28: 32 | B28: =COUNTIF(Detalhes!$A:$A,A28) -> 13 | C28: =SUMPRODUCT(--(COUNTIFS(Detalhes!$A:$A,A28,Detalhes!$C:$C,$A$10:$A$14)>0)) -> 3
A29: 33 | B29: =COUNTIF(Detalhes!$A:$A,A29) -> 7 | C29: =SUMPRODUCT(--(COUNTIFS(Detalhes!$A:$A,A29,Detalhes!$C:$C,$A$10:$A$14)>0)) -> 4
A30: 34 | B30: =COUNTIF(Detalhes!$A:$A,A30) -> 14 | C30: =SUMPRODUCT(--(COUNTIFS(Detalhes!$A:$A,A30,Detalhes!$C:$C,$A$10:$A$14)>0)) -> 5
A31: 35 | B31: =COUNTIF(Detalhes!$A:$A,A31) -> 5 | C31: =SUMPRODUCT(--(COUNTIFS(Detalhes!$A:$A,A31,Detalhes!$C:$C,$A$10:$A$14)>0)) -> 3
A32: 36 | B32: =COUNTIF(Detalhes!$A:$A,A32) -> 16 | C32: =SUMPRODUCT(--(COUNTIFS(Detalhes!$A:$A,A32,Detalhes!$C:$C,$A$10:$A$14)>0)) -> 4

Sheet Detalhes
A1: Study ID | B1: Limitation | C1: Category
A2: 9 | B2: Large projects like PRODES and TerraClass still rely on a significant portion of work done by human intervention. | C2: Cost
A3: 9 | B3: A major challenge in training CNNs with remote sensing images is that the classes are unbalanced, with a great imbalance in the area of various types of soils. | C3: Data
A4: 9 | B4: Class imbalance can lead optimization methods to perform better only in the most frequent classes during CNN training. | C4: Method
A5: 9 | B5: Previously published works have evaluated specific regions of the Amazon but did not make their benchmark datasets available, limiting the diversification of solutions to the real world. | C5: Generalization
A6: 9 | B6: No adequate deep learning model for land use/cover classification was found encompassing the many varieties of existing environments in the Amazon region. | C6: Generalization
A7: 9 | B7: Training CNNs using mosaic images consisting of 40x40-pixel patches tends to generate images cut out with patches of the same size. | C7: Preprocessing
A8: 9 | B8: In the results of CNN classification, there are some regions incorrectly classified as forest. | C8: Method
A9: 18 | B9: A permanent challenge in studies with optical sensor data is the geographical and temporal discontinuity due to cloud cover that impacts the detection of the rice paddy’s diagnostic phases. | C9: Data
A10: 18 | B10: The optical data gap due to cloud coverage makes it challenging to apply trained networks from one year to another. | C10: Generalization
A11: 18 | B11: Deep learning approaches using sequential data analysis consider only temporal information. | C11: Method
A12: 18 | B12: Deep learning approaches using sequential data analysis disregard the spatial pattern of rice plantations demarcated by homogeneous morphology and irrigation channels. | C12: Method
A13: 18 | B13: The applicability of the proposed methodology is currently valid only for irrigated rice crops in southern Brazil. | C13: Generalization
... A152: 36 | B152: The current analysis utilized only single-date RGB bands, missing out on near-infrared information. | C152: Data
